Tracking Number,Delivery Date
415373707744,11/09/2017
415373682920,11/04/2017
413841946639,11/03/2017
413841948491,11/02/2017
413841947808,11/03/2017
413841947256,11/03/2017
415373657091,11/03/2017
413841948470,11/03/2017
415373658282,11/03/2017
413841946628,11/04/2017
413841946926,11/03/2017
413841946801,11/04/2017
415373657323,11/02/2017
405571346694,11/03/2017
413841948219,11/04/2017
413841947186,11/02/2017
413841946319,11/02/2017
413841946319,11/02/2017
413841947830,11/03/2017
413841947430,11/02/2017
413841947819,11/03/2017
415373659874,11/03/2017
415373658661,11/03/2017
415373659808,11/03/2017
415373660514,11/03/2017
415373661532,11/03/2017
415373661749,11/03/2017
415373667770,11/07/2017
415373662789,11/07/2017
415373663064,11/06/2017
415373662642,11/04/2017
415373665078,11/03/2017
415373665413,11/04/2017
415373664667,11/04/2017
415373666155,11/04/2017
415373666052,11/07/2017
415373662080,11/04/2017
415373665917,11/04/2017
415373666350,11/07/2017
415373670868,11/04/2017
415373671420,11/04/2017
405571347186,11/04/2017
415373672161,11/04/2017
415373672150,11/04/2017
415373671739,11/04/2017
415373671809,11/04/2017
415373672780,11/04/2017
415373672779,11/07/2017
415373676053,11/07/2017
415373673352,11/07/2017
415373679523,11/07/2017
415373676009,11/08/2017
415373676877,11/07/2017
415373677325,11/07/2017
415373674462,11/07/2017
415373674874,11/07/2017
415373676307,11/07/2017
415373675860,11/07/2017
415373679784,11/07/2017
405571347532,11/04/2017
415373677222,11/07/2017
415373675388,11/07/2017
405571347613,11/04/2017
415373674440,11/08/2017
415373674885,11/08/2017
415373674131,11/07/2017
415373675344,11/07/2017
415373678906,11/07/2017
415373676086,11/07/2017
415373675182,11/07/2017
415373674624,11/07/2017
415373677174,11/07/2017
415373679648,11/04/2017
415373676167,11/07/2017
415373674451,11/08/2017
415373676914,11/08/2017
415373677895,11/04/2017
415373679214,11/08/2017
405571347820,11/07/2017
415373679350,11/04/2017
415373678251,11/07/2017
415373678538,11/07/2017
415373680023,11/04/2017
415373680700,11/07/2017
415373681512,11/06/2017
415373681740,11/07/2017
415373682508,11/07/2017
415373682004,11/07/2017
415373683250,11/04/2017
415373684121,11/07/2017
405571347690,11/07/2017
415373683607,11/07/2017
415373684154,11/07/2017
415373683684,11/07/2017
415373684257,11/08/2017
415373693468,11/08/2017
415373689395,11/07/2017
415373691660,11/08/2017
415373689167,11/07/2017
415373688918,11/09/2017
415373693744,11/08/2017
415373694188,11/07/2017
415373691524,11/09/2017
415373688930,11/08/2017
415373692222,11/08/2017
415373691123,11/08/2017
415373684474,11/08/2017
415373684224,11/07/2017
415373689682,11/08/2017
415373689097,11/08/2017
415373684625,11/08/2017
405571348366,11/09/2017
415373686628,11/09/2017
415373687462,11/08/2017
415373685389,11/08/2017
415373695416,11/07/2017
415373686250,11/08/2017
405571348848,11/08/2017
405571348848,11/08/2017
415373685643,11/08/2017
415373686032,11/08/2017
415373695450,11/08/2017
415373685047,11/08/2017
415373695357,11/08/2017
415373685378,11/08/2017
415373691101,11/08/2017
405571349086,11/08/2017
415373690024,11/08/2017
415373685838,11/09/2017
415373695037,11/07/2017
415373695037,11/07/2017
415373689970,11/08/2017
415373688610,11/08/2017
415373690675,11/07/2017
415373684739,11/08/2017
415373695427,11/09/2017
415373688940,11/07/2017
415373686617,11/07/2017
415373692233,11/09/2017
415373691513,11/09/2017
415373688230,11/08/2017
415373693067,11/08/2017
415373695611,11/08/2017
415373692564,11/08/2017
415373694512,11/08/2017
415373692943,11/07/2017
415373692726,11/07/2017
415373693251,11/08/2017
415373695839,11/08/2017
415373699238,11/08/2017
415373699786,11/08/2017
415373699146,11/07/2017
415373699282,11/08/2017
405571348860,11/08/2017
415373699260,11/08/2017
415373699834,11/08/2017
415373702010,11/09/2017
415373701816,11/09/2017
415373702640,11/09/2017
415373705693,11/09/2017
405571349627,11/10/2017
415373702536,11/09/2017
415373702570,11/09/2017
415373704458,11/08/2017
405571349373,11/09/2017
415373703668,11/10/2017
415373702926,11/09/2017
415373704160,11/09/2017
415373702525,11/09/2017
415373706840,11/08/2017
415373707332,11/10/2017
415373705970,11/08/2017
415373706830,11/10/2017
415373707755,11/09/2017
415373708144,11/09/2017
415373733708,11/14/2017
415373709140,11/09/2017
415373709151,11/09/2017
415373709324,11/09/2017
415373709324,11/09/2017
415373710111,11/09/2017
415373710166,11/09/2017
415373712515,11/09/2017
415373711703,11/10/2017
415373713978,11/10/2017
415373711655,11/09/2017
415373713382,11/09/2017
415373713647,11/10/2017
415373711828,11/09/2017
415373712824,11/10/2017
415373710990,11/10/2017
415373713842,11/09/2017
415373713496,11/10/2017
415373711173,11/10/2017
415373713280,11/11/2017
415373714676,11/10/2017
415373714070,11/11/2017
415373711850,11/13/2017
415373712397,11/10/2017
415373710979,11/11/2017
415373710980,11/10/2017
415373712217,11/10/2017
415373711130,11/14/2017
405571350068,11/13/2017
415373714920,11/10/2017
415373714919,11/10/2017
415373716083,11/11/2017
415373716911,11/10/2017
415373716750,11/10/2017
415373716430,11/10/2017
415373717550,11/10/2017
415373718605,11/10/2017
415373719120,11/10/2017
415373718524,11/10/2017
415373720064,11/11/2017
415373720064,11/11/2017
415373723464,11/11/2017
415373723464,11/11/2017
415373722218,11/10/2017
405571350414,11/14/2017
415373720373,11/11/2017
415373723854,11/11/2017
415373722825,11/11/2017
415373720969,11/14/2017
415373723865,11/11/2017
415373722490,11/11/2017
415373720535,11/11/2017
415373721678,11/11/2017
415373723497,11/11/2017
415373723394,11/10/2017
415373720270,11/11/2017
415373723968,11/11/2017
415373724699,11/11/2017
415373724986,11/11/2017
415373726500,11/14/2017
405571350403,11/13/2017
415373727070,11/11/2017
415373727106,11/11/2017
415373727838,11/11/2017
415373730525,11/14/2017
415373729933,11/11/2017
415373730227,11/11/2017
415373729863,11/11/2017
415373730477,11/11/2017
415373731061,11/14/2017
415373732892,11/14/2017
405571350789,11/10/2017
415373732366,11/14/2017
415373731289,11/14/2017
415373731646,11/14/2017
415373732859,11/15/2017
415373731131,11/14/2017
415373731808,11/14/2017
415373733010,11/14/2017
415373731175,11/11/2017
415373731223,11/14/2017
415373733020,11/14/2017
415373732745,11/14/2017
415373734678,11/15/2017
415373734597,11/11/2017
415373734667,11/15/2017
415373735387,11/14/2017
415373735950,11/14/2017
415373736063,11/15/2017
415373736431,11/15/2017
415373737129,11/14/2017
415373738294,11/14/2017
415373739073,11/14/2017
415373745399,11/15/2017
415373740846,11/15/2017
415373746145,11/15/2017
415373739566,11/15/2017
415373742231,11/15/2017
415373740515,11/16/2017
415373746097,11/14/2017
415373739533,11/15/2017
415373749020,11/15/2017
415373741923,11/21/2017
415373741371,11/15/2017
415373740754,11/14/2017
415373740456,11/15/2017
415373749269,11/15/2017
415373740890,11/15/2017
415373749832,11/15/2017
415373746190,11/15/2017
405571352370,11/16/2017
415373745149,11/16/2017
415373740136,11/14/2017
415373742470,11/15/2017
415373742562,11/14/2017
415373744896,11/16/2017
415373748663,11/16/2017
405571351785,11/15/2017
415373745285,11/15/2017
415373749063,11/14/2017
415373743617,11/15/2017
415373741349,11/15/2017
415373749821,11/15/2017
415373746123,11/15/2017
405571352027,11/16/2017
415373744911,11/15/2017
415373745804,11/15/2017
415373741728,11/14/2017
415373747255,11/15/2017
415373743157,11/15/2017
415373744532,11/15/2017
415373744278,11/15/2017
415373744267,11/15/2017
415373747748,11/14/2017
415373747715,11/15/2017
415373750825,11/14/2017
415373750332,11/15/2017
415373750880,11/14/2017
415373756834,11/16/2017
415373751604,11/16/2017
415373750685,11/16/2017
415373750300,11/14/2017
415373750023,11/16/2017
405571352049,11/14/2017
415373750799,11/15/2017
415373750001,11/14/2017
415373752254,11/15/2017
415373756385,11/17/2017
415373756694,11/16/2017
415373756937,11/16/2017
415373755780,11/16/2017
417157316760,11/16/2017
415373755996,11/16/2017
415373756363,11/15/2017
415373756043,11/16/2017
417157360024,11/24/2017
415373755632,11/16/2017
415373756845,
415373755194,11/15/2017
415373755275,11/16/2017
417157318010,11/16/2017
405571352921,11/16/2017
417157318329,11/15/2017
417157319370,11/16/2017
417157319277,11/16/2017
417157319211,11/15/2017
417157319726,11/16/2017
417157320215,11/16/2017
417157320498,11/15/2017
405571352900,11/17/2017
405571352900,11/17/2017
417157321233,11/16/2017
417157320936,11/15/2017
405571353023,11/15/2017
417157322229,11/17/2017
417157321690,11/21/2017
417157322928,11/16/2017
417157322674,11/17/2017
417157323008,11/17/2017
417157321884,11/16/2017
417157323270,11/20/2017
417157324677,11/18/2017
405571353284,11/17/2017
405571353284,11/17/2017
405571353067,11/17/2017
417157324622,11/17/2017
417157325136,11/16/2017
417157324975,11/17/2017
417157325011,11/17/2017
417157326577,11/20/2017
417157331495,11/18/2017
417157326165,11/16/2017
417157326165,11/16/2017
417157326187,11/18/2017
417157326647,11/18/2017
417157327003,11/17/2017
417157327312,11/17/2017
417157334141,11/17/2017
417157328904,11/18/2017
417157330948,11/18/2017
417157330146,11/18/2017
417157328731,11/18/2017
417157329407,11/18/2017
417157330374,11/18/2017
417157333010,11/18/2017
417157330569,11/18/2017
417157331278,11/18/2017
405571353593,11/20/2017
417157330823,11/18/2017
417157332105,11/18/2017
417157334108,11/18/2017
417157330135,11/18/2017
417157334120,11/17/2017
417157331289,11/18/2017
417157333682,11/20/2017
417157332057,11/18/2017
417157329359,11/18/2017
417157329793,11/18/2017
417157329245,11/18/2017
417157328786,11/18/2017
417157332171,11/18/2017
417157332220,11/18/2017
417157331473,11/17/2017
417157331716,11/18/2017
417157333307,11/20/2017
417157334932,11/18/2017
417157334932,11/18/2017
417157335056,11/18/2017
417157334976,11/18/2017
417157334494,11/18/2017
417157335490,11/18/2017
417157335160,11/18/2017
417157334851,11/18/2017
417157335560,11/18/2017
417157335148,11/18/2017
417157335836,11/20/2017
417157336020,11/18/2017
417157337004,11/18/2017
417157337302,11/18/2017
417157336810,11/18/2017
417157337574,11/21/2017
417157338088,11/18/2017
417157337770,11/18/2017
417157339864,11/20/2017
417157339316,11/18/2017
405571353939,11/20/2017
417157342724,11/20/2017
417157340033,11/20/2017
417157342805,11/21/2017
417157339603,11/18/2017
417157342713,11/20/2017
417157339533,11/20/2017
417157339029,11/20/2017
405571354085,11/21/2017
417157339430,11/20/2017
417157340055,11/21/2017
417157340272,11/20/2017
405571354155,11/18/2017
417157341029,11/20/2017
417157342600,11/20/2017
405571354030,11/18/2017
417157338732,11/21/2017
405571354453,11/21/2017
417157342069,11/22/2017
417157342047,11/21/2017
417157341853,11/20/2017
417157341522,11/21/2017
417157342025,11/21/2017
417157341577,11/21/2017
417157342220,11/18/2017
417157341474,11/20/2017
417157343683,11/21/2017
417157344110,11/18/2017
417157343915,11/20/2017
417157344040,11/21/2017
405571354096,11/18/2017
417157344500,11/20/2017
417157345057,11/20/2017
417157345300,11/18/2017
417157347667,11/21/2017
417157351876,11/21/2017
417157356856,11/21/2017
417157347748,11/24/2017
417157356341,11/22/2017
417157351166,11/22/2017
417157350310,11/22/2017
417157349122,11/21/2017
417157346958,11/24/2017
417157350207,11/24/2017
417157351660,11/22/2017
417157347233,11/24/2017
417157355301,11/22/2017
417157351122,11/22/2017
417157347299,11/22/2017
417157352450,11/22/2017
417157349100,11/22/2017
417157356731,11/22/2017
417157356385,11/22/2017
417157350663,11/22/2017
417157347450,11/22/2017
417157346980,11/22/2017
417157356411,11/22/2017
417157350538,11/22/2017
417157347807,11/22/2017
417157350078,11/22/2017
417157347093,11/21/2017
417157350457,
417157355952,11/22/2017
417157347016,11/22/2017
417157355850,11/21/2017
417157347494,11/22/2017
417157352471,11/22/2017
417157356514,11/24/2017
419315991363,
419315989135,11/29/2017
419315989135,11/29/2017
419315989135,11/29/2017
417157352200,11/22/2017
417157352200,11/22/2017
417157349420,11/24/2017
417157347634,11/22/2017
417157349361,11/24/2017
417157352910,11/21/2017
417157355919,11/22/2017
417157351707,11/21/2017
417157352633,11/22/2017
417157350273,11/22/2017
417157349063,11/24/2017
417157349155,11/24/2017
417157346649,11/22/2017
417157349111,11/24/2017
419315988632,
417157355654,11/22/2017
417157348582,11/22/2017
417157350067,11/22/2017
417157354420,11/22/2017
405571354730,11/22/2017
417157357565,11/22/2017
417157357554,11/24/2017
417157356981,11/22/2017
417157359237,11/22/2017
417157359991,11/25/2017
417157363620,11/24/2017
405571355438,11/22/2017
417157364615,11/24/2017
417157362760,11/24/2017
417157362038,11/25/2017
417157364052,11/24/2017
417157363560,11/27/2017
417157363560,11/27/2017
417157364523,11/24/2017
417157364556,11/24/2017
417157362060,11/24/2017
417157362196,11/24/2017
417157362770,11/24/2017
417157362884,11/24/2017
417157363582,11/24/2017
417157362715,11/24/2017
417157365118,11/24/2017
405571355633,11/24/2017
417157365368,11/24/2017
417157366581,11/24/2017
405571355677,11/24/2017
417157368702,11/24/2017
417157368507,11/24/2017
417157368426,11/25/2017
405571356180,11/25/2017
417157369499,11/25/2017
417157370621,11/25/2017
417157370595,11/25/2017
417157369547,11/27/2017
417157370941,11/25/2017
417157370632,11/25/2017
417157370676,11/24/2017
417157370161,11/27/2017
417157369709,11/25/2017
417157370378,11/27/2017
417157369867,11/25/2017
417157369992,11/24/2017
417157371179,11/25/2017
417157371293,11/27/2017
417157372337,11/24/2017
417157371812,11/27/2017
417157373208,11/25/2017
417157373230,11/25/2017
417157373300,11/27/2017
417157374307,11/25/2017
417157374557,11/25/2017
417157374053,11/25/2017
417157377236,11/27/2017
417157377041,11/25/2017
417157379754,11/28/2017
417157377534,11/27/2017
417157380173,11/28/2017
417157378048,11/27/2017
417157377361,11/25/2017
417157374899,11/28/2017
417157384054,11/25/2017
405571357051,11/27/2017
405571356765,11/27/2017
417157378493,11/25/2017
417157375792,11/28/2017
417157376479,11/27/2017
417157379857,11/27/2017
417157381515,11/27/2017
417157381386,11/27/2017
417157380872,11/28/2017
417157377052,11/27/2017
417157375895,11/25/2017
417157374650,11/25/2017
417157378162,11/27/2017
417157384640,11/28/2017
417157377843,11/27/2017
417157379559,11/27/2017
417157378600,11/27/2017
417157377718,11/28/2017
417157383779,11/28/2017
417157376159,11/27/2017
417157378791,11/27/2017
417157379169,11/27/2017
417157379490,11/27/2017
417157379960,11/27/2017
417157380596,11/27/2017
417157377394,11/27/2017
417157378552,11/27/2017
417157380092,11/27/2017
417157382224,11/27/2017
417157379066,11/27/2017
417157380450,11/27/2017
417157375987,11/27/2017
417157380130,11/28/2017
417157381982,11/27/2017
417157382371,11/28/2017
405571356537,11/27/2017
417157377225,11/27/2017
417157386940,11/27/2017
417157387097,11/25/2017
417157387502,11/27/2017
417157387362,11/27/2017
417157387774,11/27/2017
417157387903,11/27/2017
417157388325,11/27/2017
417157388120,11/27/2017
417157390900,11/29/2017
417157398304,11/29/2017
417157397981,11/29/2017
417157398040,11/28/2017
417157398290,11/29/2017
417157397856,11/29/2017
417157398153,11/29/2017
417157399756,
417157399322,11/29/2017
417157398977,11/29/2017
417157398885,11/29/2017
417157398510,11/29/2017
417157399366,11/29/2017
417157399220,11/29/2017
417157399790,11/29/2017
417157400591,11/30/2017
417157399539,11/30/2017
417157400227,11/28/2017
417157399767,11/29/2017
417157399594,
417157400330,11/30/2017
405571357989,11/29/2017
419315992289,
417157400694,
417157399984,11/30/2017
417157400249,11/29/2017
417157400010,
417157400970,11/29/2017
417157402068,11/29/2017
417157401290,11/29/2017
417157403410,11/30/2017
417157402804,
417157401326,11/29/2017
417157413000,11/29/2017
417157403513,11/30/2017
417157403513,11/30/2017
417157403270,11/30/2017
417157403101,
417157402848,
417157403958,
417157403373,11/29/2017
417157403226,
417157405836,11/29/2017
417157404510,11/29/2017
417157407482,11/29/2017
417157403190,11/29/2017
417157403190,11/29/2017
417157403936,
417157403053,
417157403502,
417157402789,11/29/2017
417157402767,11/29/2017
417157404461,11/30/2017
417157408489,
417157406475,11/29/2017
417157410880,11/29/2017
405571358573,11/29/2017
417157410240,11/29/2017
417157410515,11/29/2017
417157411810,
417157413098,
405571358551,11/30/2017
419315981899,
419315981741,
419315981866,11/30/2017
419315983376,
419315982667,
419315981487,11/29/2017
419315983089,
419315983365,
419315980870,
419315983126,11/30/2017
419315982244,
419315983777,
419315983023,
419315983159,11/29/2017
419315983034,
419315982987,
419315982038,
419315983067,
419315981178,11/29/2017
419315981373,11/29/2017
419315981053,11/29/2017
419315981888,
419315980951,
419315983207,
419315983078,
419315984063,11/30/2017
419315985015,
419315986434,
419315985493,11/30/2017
405571359043,
419315987989,
419315988036,
419315986982,
419315987463,
419315988551,
419315989000,11/30/2017
419315988963,
419315990746,
419315991488,
419315993929,
419315994465,
419315990481,
419315990390,
419315994899,
419315993620,
419315990242,
419315989890,11/30/2017
419315990356,
419315990080,
419315991293,
419315991341,
419315991374,
419315994009,
419315990415,
419315991010,
419315992852,
419315994991,
419315994800,
419315992646,
419315997361,11/30/2017
419315997442,
419315998129,
419315998450,
419315998655,
419315998986,
419315999857,
419315999170,
408251116434,9/23/2017
410104065648,10/09/2017
412317116283,10/13/2017
